memory,time,conversation_index,session_id,cpu_edge_ns,cpu_cloud_ns,ram_edge_bytes,ram_cloud_bytes,disk_edge_bytes,disk_cloud_bytes,network_edge_bytes,network_cloud_bytes,openai_tokens,openai_cost_usd,api_latency_s,metric_window_s,toxic_latency,toxic_bandwidth,toxic_slow_close,toxic_timeout,toxic_slicer,toxic_limit_data,toxic_reset_peer
graphiti,1763227509.142658,0,1,845516093833.3342,9303848300458.338,32400073153.70919,358010007527.6968,0.0,790990994.2857127,36827847.44642846,2533476873.426262,137410,7.432e-05,337.2683856487274,337,0,0,0,0,0,0,0
graphiti,1763227875.120882,0,2,929211289715.4683,6881974414201.643,36224581823.82369,463981962649.04016,0.0,637829040.795581,816361327.2762413,13370414259.270985,188654,0.00012135999999999999,363.9446783065796,363,0,0,0,0,0,0,0
graphiti,1763228515.802916,0,3,2893865313048.677,17131697963164.81,67324813068.03763,845572044016.7517,0.0,2109830592.5023522,2926906942.4364204,54004180144.383,322331,0.00018692,638.633100271225,638,0,0,0,0,0,0,0
graphiti,1763228950.4164543,0,4,1370597543498.8406,6608243034877.013,48740676769.18521,588785584440.8866,0.0,782028619.4338721,2302903860.9744797,26466930124.955868,217927,0.00015064,432.5747871398926,432,0,0,0,0,0,0,0
graphiti,1763229275.0155401,0,5,766292278685.3599,3782102579183.8,38371556485.5652,444594790260.07916,0.0,774439652.0872272,1200338782.1931462,15192389912.130804,163643,9.483999999999999e-05,322.5647003650665,322,0,0,0,0,0,0,0
graphiti,1763229679.706252,0,6,1165929101147.1306,5592430514693.26,49441379047.800995,556773270084.7703,0.0,810730983.7406473,1425333848.588532,22400744972.19954,194634,0.00011376000000000001,402.6517333984375,402,0,0,0,0,0,0,0
